"","lsoa21cd","Bangladeshi","Chinese","Indian","Pakistani","Other_Asian","African","Caribbean","Other_Black","White_and_Asian","White_and_Black_African","White_and_Black_Caribbean","Other_Mixed_or_Multiple_ethnic_groups","White_British","White_Irish","Gypsy_or_Irish_Traveller","Roma","Other_White","Arab","Any_other_ethnic_group"
"1","E01008144",0,0.7,0,0,0.4,0.5,0.1,0.1,0.4,0,0.5,0.2,95.2,0.2,0,0,1,0.4,0.6
"2","E01008145",0,0,0,0.4,0.4,1.4,0.3,0.4,0.2,0,0.4,0,94.1,1.5,0,0,0.8,0,0.2
"3","E01008148",0.1,0.1,0.3,0.6,0.3,0.7,0.2,0.3,0.4,0.2,1.1,0.2,94.3,0.5,0,0.1,0.7,0,0
"4","E01008149",0.1,0.1,0,0,0.1,0.3,0.1,0,0.4,0,0.4,0.1,96.5,0.1,0,0.1,1.5,0.1,0.1
"5","E01008150",0,0.1,0.4,0,0.1,0.3,0.1,0.1,0.2,0.1,0.3,0.3,96.6,0.4,0.1,0,0.6,0.1,0.4
"6","E01008142",0,0.5,0.4,0.3,0,0,0.1,0,0.3,0.2,1,0.4,95.1,0.3,0,0,1.4,0.1,0
"7","E01008143",0,0.1,0.1,0,0,0.3,0.2,0.3,0.4,0.3,0.4,0.4,95.3,0.9,0,0,0.8,0,0.4
"8","E01008146",0,0.6,0.2,0.1,0.1,0,0.1,0,0.5,0,0.4,0,97.2,0.2,0,0,0.5,0,0.2
"9","E01008147",0.1,0,0,0.1,0.1,0,0.1,0,0.2,0.1,0.2,0.1,97.5,0.2,0,0,0.9,0.1,0.1
"10","E01007888",0,0,0,1,0.1,0.1,0.1,0,0.1,0.3,0.1,0,96.1,0.4,0,0,1,0.1,0.4
"11","E01007892",0,0.1,0.6,0.1,0.3,2.2,0.1,0.6,0.1,0,1.6,0,90.7,0.3,0,0.1,3.1,0.1,0.1
"12","E01007893",0,0.1,0,0,0.1,0.1,0.4,0,0.5,0.1,0.6,0,97.1,0.1,0,0,0.4,0.4,0.3
"13","E01007898",0,0,0.2,0.5,0.3,0.4,0.1,0.4,0.3,0,0.6,0,93.9,0.6,0,0,2.5,0,0.1
"14","E01007899",0,0.4,0,0.8,0.1,0.3,0.1,0,0.5,0.1,0,0.6,95.7,0.2,0,0,0.8,0,0.4
"15","E01007900",0,0.4,0.5,0.5,0.3,0.7,0.1,0.4,0.5,0.4,0.7,0.4,93.7,0.7,0,0,0.8,0,0
"16","E01007901",0,0,0.4,0.5,0.1,1.1,0.4,0.4,0.7,0.2,1.9,0.6,89.3,0.1,0,0.1,2.3,0.4,1.7
"17","E01007887",0,0.1,0.9,0.1,0.3,0.9,0.3,0.1,0.3,0.1,0.5,0.2,94.9,0.4,0,0,0.9,0.1,0
"18","E01007889",0,0.3,0.4,1,0.3,0.5,0.1,0,0.4,0.1,0.5,0.4,94.1,0.3,0,0,1.1,0.1,0.4
"19","E01007890",0,0,0.2,0,0,0.3,0.2,0,0.2,0.2,0.7,0.5,96,0.2,0,0,0.7,0,0.5
"20","E01007891",0,0,0.4,0.4,0.1,0.1,0.1,0,0.3,0,0.9,0.2,95.9,0.5,0.1,0,1,0,0
"21","E01007894",0,0.7,0.6,0.1,0.7,0,0.3,0.2,0.3,0.1,1.3,0.3,92.4,0.7,0.4,0,0.9,0.1,0.9
"22","E01007895",0,0.2,0.5,0.1,0.1,0.4,0.1,0.4,0.9,0.1,0.3,0.3,93,0.8,0.2,0,2.6,0,0.1
"23","E01007896",0,0.1,0.8,0,0.1,0,0.2,0.2,0.5,0.1,0.1,0.1,97,0.2,0,0,0.6,0,0
"24","E01007897",0,0.1,0.1,0,0.2,0.3,0.5,0,0.2,0,0.1,0.5,96.1,0.8,0,0,0.8,0.2,0.3
"25","E01008134",0,0,0.1,0.3,0.2,0.1,0.2,0,0.9,0.5,0.4,0.2,94.5,0.4,0,0,1.6,0.2,0.5
"26","E01008135",0,0.8,2.7,0.5,0.6,0.2,0.3,0.1,0.7,0.1,0.5,0.4,92.5,0.2,0,0,0.3,0.1,0.1
"27","E01008137",0.4,0.4,0,0.1,0.1,0.1,0.1,0.1,0.8,0.3,0.7,0.5,94.4,0.4,0,0,1.3,0.1,0.1
"28","E01008141",0,0.5,0.9,0.6,0.1,0.4,0.1,0.3,1,0.1,0.4,0.5,92.3,0.7,0,0,1.7,0.4,0.1
"29","E01008053",0,0,0.2,0.2,0.2,0.5,0.6,0.2,0.8,0.4,1.7,0.5,91.5,0.4,0,0,2.9,0,0.2
"30","E01008056",0,0,0.1,0.8,0.7,0.8,0.3,0.4,0.5,0.5,0.6,0.5,92.1,0.1,0,0,2.1,0,0.4
"31","E01008058",0,0.6,1.3,0.5,0,0,0.2,0.4,0.3,0.3,1.3,0.2,93.1,0.1,0,0,1.1,0.1,0.4
"32","E01008138",0,0.2,0.2,0,0.1,0.9,0.3,0.7,0.3,0,0.2,0.1,91.9,0.2,0,0,4.9,0.1,0
"33","E01008139",0.3,0.4,0.3,0.1,0.3,0.5,0.5,0.1,0.4,0.1,0.8,0.6,91.4,0.7,0.1,0,2,0.6,0.9
"34","E01007856",0.5,0.2,0.6,4.1,2.4,6.1,0.6,1,0.9,0.3,2.7,0.9,75.1,0.1,0,0,2.7,0.9,1.1
"35","E01008054",0.2,0,1.1,1.7,2.1,6.8,0.6,1.7,1.8,0.9,2.8,1.4,71.4,0.5,0,0.2,3.5,2.2,1
"36","E01008055",0,0.1,0.2,1.3,1.6,6.5,0.9,1.3,1.1,0.9,3.7,0.8,77.3,0.2,0,0.3,3,0.4,0.6
"37","E01008057",0.3,0.2,1,3,1.4,6.5,1.2,0.4,0.7,0.6,1.5,0.4,77.7,0.1,0,0.1,2.8,1.2,0.9
"38","E01008126",0,0.1,0.2,0.1,0.1,0.5,0.3,0,0.6,0,0.3,0.2,95.9,0.2,0,0,1.3,0,0.2
"39","E01008128",0,0.2,0.4,0.1,0.4,0.2,0,0.1,0.7,0.1,0.6,0.4,94.4,0.4,0,0,1.5,0.3,0.3
"40","E01008136",0,0.3,0,0.1,0.1,1.4,0.2,0.2,0.6,0,0.7,0.3,93.7,0.6,0,0,1.2,0.1,0.5
"41","E01008140",0,0.2,0.2,0.4,0.3,0.6,0.4,0,0.4,0.3,0.9,0.3,93.2,0.3,0.1,0.1,2.1,0.3,0.1
"42","E01033275",0,0.4,0.9,0.3,0.6,1.3,0.7,0.3,0.8,0.3,2.1,0.3,87.2,0.3,0.1,0,4,0,0.4
"43","E01033280",0,0.1,0.6,0.4,0.2,0.4,0.6,0.1,1,0,0.8,0.2,91,0.4,0.1,0,3.1,0.1,0.9
"44","E01008085",0,0.2,0.4,0.8,0.2,2,0.2,0.1,0.5,0,2,0.5,89.1,0.4,0,0,2.6,0.2,0.9
"45","E01008086",0,0.3,0.3,0.6,1.1,2.6,0.3,0.1,0.5,0.4,2.8,0.2,83.4,0.1,0.1,0,6.2,0.4,0.7
"46","E01008116",0.1,0.4,0.1,1,0.5,1.9,0.5,0.1,0.5,0.5,0.7,0.8,86.9,0.2,0,0,4.4,1.2,0.2
"47","E01008117",0,0.9,1.1,0.3,0.8,2,0.1,0.7,0.4,0.2,1.4,0.2,85.5,0.3,0.1,0.2,3,1.7,1.2
"48","E01008118",0,0.7,0.5,1.4,1.2,3.6,0.7,0.4,0.3,0.3,1.5,0.3,84.4,0.1,0,0,3.1,0.4,1.2
"49","E01008119",0.7,0.1,0.5,1.4,1.3,2.4,0.5,0.1,0.4,0.1,1.2,0.3,86.7,0.4,0,0,3.4,0,0.4
"50","E01008125",0.1,0.1,1,0.8,0.3,0.7,0.1,0,1.1,0.1,1.2,0.5,89.6,0.1,0,0.2,3.3,0.5,0.4
"51","E01007849",0.1,0.7,1.8,11.7,5.2,8,1.5,1.7,1.4,0.3,1.9,1.1,55.8,0.2,0,0.3,2.4,3,2.8
"52","E01007857",0,0,0.4,8.8,1.3,5.9,1.1,0.5,1.1,0.4,1.8,0.8,73.2,0.4,0,0.1,2.5,1.2,0.4
"53","E01008059",0.1,0.5,3.9,8,1.3,3.5,0.5,1,1.3,0.4,2.2,1.1,71.3,0.4,0,0.5,2.5,0.6,0.9
"54","E01008060",0.2,0,1.5,3.9,1.2,5.2,1.8,0.6,0.4,0.7,2.9,1.5,76,0.2,0,0.4,1.7,1,0.8
"55","E01008061",0.1,0.4,3.1,5.7,1.3,6.1,0.7,0.7,1.3,0.2,1.9,1,67.3,0.1,0,0.1,2.9,5.3,1.8
"56","E01008063",0.2,0.4,4,8.4,1.6,2.1,0.7,0.3,1.4,0,2.5,0.6,72.2,0.2,0,1,1.1,2.4,0.7
"57","E01033277",0.3,0.1,1,1.7,1.4,5,1,0.9,1.1,1,1.7,0.9,74.8,0.2,0.2,0.1,6.5,1,0.8
"58","E01008087",0,0.2,0,0,0.4,0.9,0.3,0.2,0.3,0.3,0.8,0.2,91.7,0.6,0.1,0.1,3.1,0.1,0.7
"59","E01008088",0,0.1,0.4,0.3,0.4,0.7,0.1,0.1,0.9,0.7,0.7,0.6,90.9,0.1,0,0.2,1.9,0.3,1.5
"60","E01008090",0,1.5,0.6,0.4,2.6,2.3,0.6,0.6,0.8,0.3,3.4,1.1,80.6,0.1,0.1,0,2.9,0.8,1.4
"61","E01008092",0,0.1,0.1,1,0.2,3.5,1.1,0.2,0.7,0.3,3.8,0.3,84.6,0.1,0,0.1,1.4,1.2,1.3
"62","E01008122",0,0,0.4,0.4,2,5.4,0.2,0.8,1,0.5,2.6,0.6,76.7,0.1,0.1,0.2,5.5,1.9,1.6
"63","E01008124",0,0.1,0,0.7,1.9,5.6,1.2,0.7,1.5,0.8,3.3,1.3,76.6,0.1,0,0,3.3,1.4,1.4
"64","E01007848",0.5,0.1,1,10.6,1,13.6,1.1,0.9,0.9,0.7,1.3,1.7,58.4,0.3,0.1,0,2.5,3.9,1.4
"65","E01007851",0.7,0.3,0.9,24,4,8.5,2.4,0.8,0.9,1,2.6,2.5,34.4,0.2,0,0,3.7,8.6,4.6
"66","E01007947",0.2,0.3,0.8,9.1,1.3,8.9,1.2,1.2,0.9,0.3,1.2,2,56.1,0.3,0.3,1,5.4,5.6,4
"67","E01007948",0.1,0.8,1.1,20.2,5.3,13.6,2.2,1.7,1,0.6,1,1.1,28.6,0.2,0.2,1.7,4.8,11.6,4.4
"68","E01008062",0.5,0.2,2,15.3,3.3,8.6,1.2,2.5,1.6,0.3,2.8,2.8,44.5,0.5,0,0.4,1.8,8.4,3.3
"69","E01007847",0.6,0.5,0.3,5.8,2.1,2.2,1.2,0.4,0.5,0.2,1.9,0.4,76.5,0.4,0,0,3.5,1.6,1.8
"70","E01007850",0.3,0.9,0.6,4.1,0.3,2.5,1.5,0.4,0.5,0.1,2,0.5,80.3,0.2,0,0.9,2.5,1.1,1.2
"71","E01007852",0,0.3,0.5,8.7,0.7,2.1,1.1,0.2,1.2,0.1,1.5,0.3,74.2,0,0.1,0.5,5.8,1.9,0.9
"72","E01007853",1.1,0.1,0.9,3.8,0.6,4.2,1.8,0.7,0.9,0.8,1.8,0.9,74,0.5,0,0.2,5.8,0.3,1.7
"73","E01007854",0,0.3,1.2,12.6,2.5,9.9,2.3,2.3,0.6,0.8,2.2,0.4,52.6,0,0.3,0,4.7,4.3,2.8
"74","E01007855",0.6,0.7,1.5,19.6,1.8,5.4,2.5,0.6,0.7,0.5,2.4,1.7,42.4,0.4,0.1,3.7,7.3,2.5,6
"75","E01007941",0,0.4,3.3,9.1,1.5,4.8,1.1,0.9,1.2,0.8,1.8,0.8,69.1,0.2,0,0,1.2,2.7,1.2
"76","E01007945",0.2,0.1,1.7,2.3,0.9,4.6,1.5,0.5,0.9,0.7,3.6,0.5,75.1,0.1,0,0,3.3,1.8,2.1
"77","E01007946",0.1,0.3,0.5,0.5,0.8,4.8,0.9,0.5,0.6,1,3,0.6,81.8,0,0.1,0,2.4,1.3,0.7
"78","E01007950",0.1,0.3,0.2,2.5,1.2,4,0.4,0.3,0.6,0.5,2.8,1.2,80,0.1,0,0,3.2,1.5,1.2
"79","E01008123",0,0.7,0,4.1,1.2,3.6,0.5,0.8,1,0.7,2.3,0.7,79.6,0,0,0,2.6,0.6,1.6
"80","E01007987",0.2,0.3,0.8,0,0.6,0.5,0.6,0.2,0.8,0.1,1.8,0.2,89.5,1.1,0,0,2.9,0.4,0.1
"81","E01007988",0,0.3,0,0,0.1,0.2,0.3,0.1,0.7,0,0.3,0.1,95.3,0.2,0,0,2.2,0,0.3
"82","E01007989",0.1,0.8,0,1,0.1,0.9,0.6,0.1,0.7,0.1,0.9,0.8,89.1,0.4,0,0.3,3.1,0.5,0.4
"83","E01007991",0.1,0.2,0.2,0.6,0.4,0.5,0.9,0.5,0.8,0.3,2.2,1.5,89,0.9,0.1,0,1.1,0.6,0.3
"84","E01007995",0.2,1.2,0.3,0.1,0.5,0.2,0.1,0.2,1.1,0.1,1.3,0.7,85.6,1,0,0.3,5.9,1,0.3
"85","E01008089",0.4,0.1,0.5,1.4,4,10.6,1.5,0.8,0.1,0.7,2,0.9,64.9,0.2,0,0.4,7,1.1,3.6
"86","E01008091",0,0.9,0.2,0.1,0.6,0.6,0.4,0.1,0.5,0.1,0.9,0.6,89.4,0.4,0,0,4.5,0.2,0.5
"87","E01008093",0,0.1,0.8,0.8,0.6,1.7,0.6,0.2,0.8,0.2,1.7,1,84,0.7,0,0.1,5.7,0.1,1.1
"88","E01007903",0,0.2,0.3,51.7,2.4,2.5,2.6,0.6,1.8,0.1,0.5,0.4,27.3,0.1,0,0.9,3.5,1.5,3.6
"89","E01007904",13.4,0,0.2,22.9,2.7,8.5,0.3,0.9,1.6,0.7,0.6,0.9,32.5,0.3,0,1.8,4.3,3.5,4.9
"90","E01007913",0.1,0.6,0.7,52.5,4.4,3.5,0.8,0.7,1,0.1,0.9,0.6,13.3,0.3,0.4,5.4,7.8,2.3,4.4
"91","E01007914",0.4,0.6,0.3,50.8,4.7,4.9,0.7,1.2,2.2,0.6,0.4,1,9.4,0.1,0.4,4.8,7.8,4.7,4.8
"92","E01007870",0.1,0.4,0.7,23.6,2.2,10.4,2.5,1.3,0.8,1.3,1.7,1.1,38,0.5,0.4,1.8,4.1,5,4.1
"93","E01007871",0.4,0.4,3.1,11.8,3.5,12.9,2.9,1.5,0.3,1.2,2.3,0.8,44.6,0.5,0.1,0.2,4.2,7,2.3
"94","E01007943",0,0.7,1.1,4.5,1.4,5,2.7,1,1,1,3.5,0.7,67.3,0.2,0,0.7,3,3.7,2.5
"95","E01008094",0.1,0.3,0.7,7.1,1.4,6.8,1.2,1.5,0.7,0,2.5,0.6,68.8,0.5,0,0.3,3.2,1.5,2.6
"96","E01007869",0.7,0,0.6,39.8,2.7,7.5,3,0.8,0.8,0.1,1.5,2.5,23.3,0.1,0,0.9,6.2,7.2,2.1
"97","E01007872",0.4,0.1,1.4,38.4,3,4.1,2.2,0.9,0.8,0.1,0.7,0.8,30.8,0.3,0.2,2.8,5.9,3.9,3
"98","E01007873",1,0.3,2.3,31.4,4.1,12.5,2.3,2.1,0.7,0.8,1.5,1,18.5,0.4,0.4,0.5,3.9,9.2,6.9
"99","E01007942",0.6,0.5,2.6,51.5,3.6,7.3,1.6,0.8,0.7,0.2,0.6,0.4,8.7,0.4,0,4.2,6.1,4.5,5.9
"100","E01007949",0.1,0.1,2.2,31.7,3.5,6.4,1.4,0.3,0.4,0.5,2.1,1.3,18.6,0.2,0.1,15.2,6,3.6,6.4
"101","E01007990",0,0.4,0,0.2,0.1,0.3,0.6,0.1,1.5,0.3,1.8,0.6,91.6,0.3,0,0.2,1.7,0,0.1
"102","E01007992",0,0.1,0.2,0.4,0.5,0.7,0.9,0.1,0.5,0.3,0.1,0.6,90.4,1,0.1,0.1,4,0,0.2
"103","E01007993",0,0.2,0.2,0.1,0.2,0,0.2,0,0.6,0.1,1.5,2.5,90.4,0.1,0.1,0,3,0.2,0.7
"104","E01007994",0,0.7,0,0.5,0.3,0.3,0.3,0,0.6,0.4,1,0.2,91.1,0.8,0,0,2.9,0.4,0.4
"105","E01007996",0,0.1,0.5,1.2,0.3,0.6,1,0.2,0.7,0.2,1.4,0.2,89.6,0.8,0.1,0,2,0.9,0.3
"106","E01007874",1.4,0.1,0.6,13.1,3,24.9,2.4,2.4,0.6,1,1.3,2.4,18.8,0.1,0.1,0.6,3.1,18.3,5.8
"107","E01007875",0.5,0.3,1,27.6,3.9,16.9,2.6,1.9,0.4,0.2,2.1,1.4,11.4,0.4,0.2,2.3,6.9,14.1,5.8
"108","E01007940",0.6,0.1,1.2,22.6,3.6,8.7,1.4,1.5,1.4,0.4,0.8,2.7,17.8,0.5,1.6,14.6,5.6,9.7,5.4
"109","E01033269",4.4,0.2,0.8,10.9,3.9,30.6,4.7,3.2,0.9,1,1.3,1.6,9.5,0.3,0,1.4,4.5,12.4,8.5
"110","E01033270",0.4,1.3,3.2,1.5,2.9,18.5,1.2,2.1,0.6,0.9,0.9,0.9,39.8,0.7,0.1,0.3,9.4,6.6,8.6
"111","E01034842",0.2,0.2,0.8,35.6,4,5.6,1.2,1.8,0.6,0.3,0.7,1.9,12.8,0.2,0.6,15.1,6.1,3.9,8.4
"112","E01008129",0,0.2,0.5,0.3,0.2,0.7,0.2,0,1,0.2,0.7,0.1,94,0.5,0,0,1.2,0,0.2
"113","E01008130",0.1,0.4,0,0,0.3,0.6,0.1,0.1,0.3,0.1,0.4,0.6,94,0.3,0,0,2.5,0,0.1
"114","E01008131",0,0.4,0.3,0.3,0.6,1.1,0,0.1,0.9,0.5,0.4,0.3,93.1,0.4,0,0,0.8,0.8,0
"115","E01008132",0,0.5,0.4,0,0.1,0.8,0.2,0.3,0.2,0,0.5,0.1,95.8,0.3,0,0,0.9,0.1,0.1
"116","E01008133",0.3,0.1,0.1,0.1,0.3,1.2,0,0.1,0.4,0.3,0.7,0.3,94.8,0.1,0,0,1.2,0,0.1
"117","E01008151",0.2,0.7,0.4,0.4,1,1.1,0.1,0.1,1.3,0.2,0.6,2,80.1,0.8,0.1,0.4,5.9,1.5,3.2
"118","E01008153",0,0.7,1,1,0.4,0.7,0.5,0.1,1.1,0.4,1.3,0.8,83.2,0.8,0.1,0.2,5.1,1.2,1.6
"119","E01008154",0,0.9,1.6,0.8,1.2,1.1,1.3,0.1,2.4,0.4,2.6,0.8,79.6,1.2,0,0.1,2.6,1.7,1.7
"120","E01008155",0.3,0.8,0.8,0.2,0.4,1.3,0.6,0.2,2.2,0.3,2.5,0.8,81.5,0.4,0.1,0,6,0.6,1.3
"121","E01008156",0,0.3,0.1,0.1,0.7,0.1,0.1,0,1.8,0.1,0.8,0.5,89.8,1.2,0,0,4.1,0.1,0.3
"122","E01008160",0.1,0.1,0.1,0.4,0,0.2,0.4,0,1.7,0.4,1,0.7,89.8,0.2,0.1,0,2.6,0.6,1.6
"123","E01007997",0,0.1,0.5,0.7,0.1,0.7,0.3,0.1,0.6,0.6,0.8,0.3,93.8,0.2,0,0,0.4,0.4,0.4
"124","E01007998",0.3,0.1,0.3,0.2,0.3,1.9,1.1,0.1,0.3,0.4,1.9,1.1,88.5,0.5,0,0,2.1,0.3,0.9
"125","E01008152",0.3,0,0.5,0.6,0.5,0.6,0.5,0.3,0.6,0.3,1.3,0.2,90.9,0.8,0,0,1.5,1,0.2
"126","E01008158",0.1,0.1,0.7,0.3,0.5,0.9,0.6,0.4,0.8,0.1,0.6,0.9,92.1,0.3,0.1,0,1.3,0,0.3
"127","E01008065",0.1,1.2,1.3,1.9,9.5,9.4,1.6,0.7,0.9,0.9,2.3,1.9,30.9,0.3,0,0.3,4.1,21.4,11.2
"128","E01008068",0.3,8,4,1.4,7,11.7,1,0.7,0.9,0.7,1.8,1.4,30,0.5,0,0.4,7.3,14.6,8
"129","E01008072",0.2,0.7,2.6,2,3.5,7.6,2.9,0.8,1.4,1,2.1,1.9,45.4,0.7,0,0.2,8,15.3,3.6
"130","E01008157",0,0.9,0.7,2,1.8,4.5,2.3,1,0.7,0.7,1.8,0.9,69.7,1,0,0.6,5.8,3.4,2
"131","E01008161",0,0.5,0.7,1.3,1.1,1.1,0.4,0.1,1.1,0.5,1,0.6,82.8,1.1,0,0.1,5.5,0.9,1.4
"132","E01007883",20.2,0.2,1.6,24.8,2.3,7.5,1,0.4,1.6,0.7,1.8,1.2,20.9,0.2,0.2,1.8,3.4,5.3,5
"133","E01007902",12.1,0.1,0.8,22.5,2.3,8.7,0.6,0.5,0.7,0.4,0.6,1.2,31.9,0.1,0,2.8,6.1,3.2,5.5
"134","E01007905",21.3,1.2,2.3,27,2.3,10.7,1.1,1.3,1.3,0.5,0.7,2,8.9,0.1,0.4,4.4,3.4,5.2,5.8
"135","E01007906",17.3,0.3,1.7,33.1,1.8,7.5,0.5,0.9,0.3,0.5,0.6,1.8,14.7,0.1,0.6,2.7,4.9,4,6.7
"136","E01008064",0.5,0.9,0.9,1.1,1.5,1.3,0.3,0.3,1.3,0.4,1,1.1,79.3,1.3,0.1,0,5.7,2.1,1
"137","E01008066",0.2,1.7,1.3,0.3,0.8,2.6,0.4,0.1,1.7,0.2,0.9,0.8,79.9,1.7,0.5,0.3,5.1,1,0.5
"138","E01008069",0.2,0.8,2.2,1,1.5,0.4,0.4,0,1.8,0.5,1,1.1,81.2,0.8,0,0,5.7,0.5,0.7
"139","E01008074",0.1,1.2,2,0.5,1.2,0.5,0.3,0,1.7,0.7,0.8,1,80.9,1.8,0,0,5.8,0.2,1.4
"140","E01007951",0.1,2.5,1.4,3.4,1.8,0.7,0.3,0.1,1.2,0.1,0.7,1,80.2,0.8,0,0,3.6,1.3,0.7
"141","E01007960",0.3,1.8,1.8,1.6,0.4,0.4,0.4,0.1,1.7,0.1,0.8,1.5,82,1.3,0.1,0,4.4,0.2,1.2
"142","E01007962",0.1,1.9,1.9,1.5,1.9,0.7,0.5,0.1,1.7,0.3,1.5,0.7,78.9,1.2,0.2,0,4,1.8,1.3
"143","E01008159",0,1.5,0.5,0.6,0.7,0.5,0.1,0.2,1.3,0.4,0.7,1,85.1,0.7,0,0,4.1,1.5,0.9
"144","E01007866",0.2,1.6,2.3,1.4,0.8,1.7,0.2,0.1,2.1,0.3,0.6,1.3,75.8,1.5,0,0,6.5,1.6,1.9
"145","E01007867",0.4,2.2,4.7,1.4,2,1.3,0.5,0.3,1.9,0.6,1,1.6,73.4,1,0,0,5.4,1.3,0.9
"146","E01007868",0.2,1.7,4.7,1.5,1.4,1.2,0.7,0.1,1.5,0.9,0.3,1.1,73.9,0.6,0,0,6.1,2.4,1.8
"147","E01008067",0.1,2.1,2.5,1.8,1.2,2.6,0.2,0.1,1.8,0.4,1.4,1.2,75.4,1.6,0,0,5.3,1.4,0.8
"148","E01008073",0.5,1.3,1.4,0.7,1.6,3.2,0.9,0.4,1.6,0.4,1.4,1.5,73.4,0.4,0,0,3.9,3.8,3.5
"149","E01007907",14.6,0,0.3,32.4,1.9,0.6,0.5,0.2,1.1,0.1,0.6,0.6,39.1,0.5,0.2,0.1,4.1,0.5,2.7
"150","E01007908",0.5,0.2,0.7,5.6,0.6,1.2,0.7,0.2,0.5,0.2,1.5,1.2,82.3,0.4,0,0.9,2.4,0.1,0.7
"151","E01007909",1.4,0.4,1.6,7.2,0.6,0.8,0.2,0.2,1.3,0.1,1.2,0.6,80.3,0.9,0,0,1.3,0.6,1.4
"152","E01007911",0,0,0,1.9,0.6,0.5,0.9,0.6,0.9,0.5,2.3,0.3,89.2,0.1,0,0.1,1.2,0.4,0.6
"153","E01008014",6.4,0,1.3,24,2.8,4,0.5,0.3,1.3,0.8,0.9,0.6,47.2,0.3,0,0.8,5.1,1.3,2.4
"154","E01008016",3.3,0.3,0.3,6.8,1.9,4,0.9,0.6,1.1,0.5,0.7,1.4,69.2,0,0.1,0.8,5,1,2.2
"155","E01007952",0.3,1.8,2.8,2,1.7,1.5,0.2,0.1,1.2,0.2,0.6,0.8,81.6,0.6,0,0,3.2,0.9,0.6
"156","E01007953",0,1.8,2.5,0.7,1.5,1,0.6,0.1,1.3,0.5,1.1,0.8,77.8,1,0,0.1,3.9,3.6,1.8
"157","E01007954",0.4,1.7,1.3,1.2,1.5,0.4,0.4,0,1.3,0.5,0.7,0.5,85.7,0.6,0,0,1.9,1,0.8
"158","E01007961",0.3,2.7,1.6,0.7,0.7,1.1,0.2,0.2,1.4,0.5,0.5,0.7,83.1,0.8,0,0,2.9,1.8,0.8
"159","E01007863",0.4,0.3,1.5,0.6,0.6,0.6,0.4,0.2,2.7,1.1,0.9,0.7,81.1,1.5,0,0.1,5.4,0.4,1.7
"160","E01007864",0,0.4,1.7,1.2,0.7,1.1,0.5,0.1,1.2,0.4,1.2,0.5,85.3,0.2,0,0,3.8,0.5,1.1
"161","E01008104",0.7,1.2,2.4,4.1,3.2,4.9,1.2,0.6,1.5,0.6,1,1.5,65.3,1.1,0.1,0.3,6.7,2.5,1.3
"162","E01034843",0.8,1.9,4.2,1.2,1.8,2.6,0.2,0.1,2.1,0.6,0.6,0.7,73.3,1.5,0,0.1,6.8,0.7,1
"163","E01007910",5,0.3,1.1,6.5,0.9,1.5,0.7,0.3,0.7,0.5,2,0.8,75.8,0.3,0,0,1.7,0.8,1.1
"164","E01007912",2,0.1,1.4,3.1,0.2,0.2,0.3,0.8,1.2,0.1,0.5,0.7,86,0.3,0,0.7,1.2,0.3,0.8
"165","E01007971",1.1,0.1,0.5,4.4,0.3,0.5,0.9,0.3,0.8,0.1,1.7,0.9,84.2,0.4,0,0.3,2.5,0.1,0.9
"166","E01007973",0.4,0.3,0.1,0.7,0.5,0.8,0.3,0.1,0.4,0.3,1.2,1,91.7,0.4,0,0.3,1,0.2,0.3
"167","E01007858",0.1,1.8,1.6,1.4,1.8,0.3,0.2,0,1.5,0.1,0.4,2.3,80.3,1.1,0,0,4.2,0.4,2.5
"168","E01007861",0,1.6,2.8,0.1,0.8,0.5,0.1,0.1,1.3,0.5,0.4,0.9,86.3,0.8,0,0,3,0.6,0.4
"169","E01007862",0.3,2,4.1,1.6,1.6,1.7,0.6,0,2.9,0.6,0.8,1.3,73.7,0.6,0,0.1,5.8,1,1.2
"170","E01007865",0.8,1.4,1,0.3,0.4,0.7,0.2,0.2,1.5,0.4,0.7,0.5,82.9,1.6,0,0.2,5.9,0.4,0.7
"171","E01008011",0.8,0.2,0.3,1.4,2.7,6.6,1.8,1.9,0.6,1.7,4,1.5,68.7,0.3,0,0.2,4.8,0.6,1.7
"172","E01008012",0.2,1.6,1.1,2.6,1.1,9.3,1.6,1.9,0.3,1.5,3.6,1.2,59.4,0.3,0,0.1,10,2.1,2.1
"173","E01008013",0.2,2.7,1.1,2,4.8,8.4,1.1,0.6,0.8,0.8,1.5,1.5,60,0.1,0.1,0.9,8.4,3.5,1.5
"174","E01008015",0.1,2.6,0.3,1.4,0.7,4.3,1.6,1,1.3,0.7,1.9,0.8,79,0.1,0.1,0.1,2.9,0.3,0.8
"175","E01008017",1.9,1,1.5,2.1,2.1,7.3,0.7,1.3,0.6,0.4,2.9,0.7,69.4,0.1,0,0.3,2.5,2.1,2.9
"176","E01008018",0.7,2.7,0.8,2.6,1.1,3.9,1,0.3,0.6,0.6,2.9,0.8,72.3,0.2,0.1,0.1,6.9,0.8,1.5
"177","E01008105",1.8,2.3,3,8.9,3.2,4,0.7,0.3,1.4,0.6,1.1,1.1,63.3,0.4,0,0.2,5.4,0.7,1.8
"178","E01008107",1.6,2,0.9,14.1,2.6,11.8,2.4,1.3,2.2,1.7,1.8,1.4,45.2,0.5,0,0.8,3.9,2.6,3.3
"179","E01008111",0,1.1,1.6,4.5,0.8,1.4,0.8,0.3,1.6,0.5,1.4,1.3,75.7,1.8,0,0.2,4.8,1.5,0.7
"180","E01033271",0.8,7.4,1.8,4.1,5.2,15,1.7,1.1,1.5,0.5,1.5,1.1,39.1,0.3,0,0,4.7,4.9,9.1
"181","E01033272",1,5.1,2,2.7,3.2,11.8,1.8,1.3,1.3,1,1.1,0.9,49.9,1.5,0.1,0.6,8.4,2.1,4.1
"182","E01007955",0.2,3.3,6.6,2.7,0.2,0.6,0,0.1,1,0.2,0.2,0.3,80.5,0.4,0,0,2.3,0.6,0.8
"183","E01007956",0.3,1.7,4.4,2.1,1.2,1.3,0.3,0,1.6,0.3,0.4,0.6,82,0.4,0.2,0,1.5,1.1,0.7
"184","E01007957",0,2.7,2.4,3.3,1.4,1.3,0.1,0.3,1.3,0.4,0.8,0.4,78.4,0.5,0,0.1,3.5,1.6,1.6
"185","E01007958",0.1,1.2,3.3,0.6,2.3,0.3,0.1,0,1.2,0.2,0.1,0.7,84.5,0.3,0,0,3.3,1.4,0.4
"186","E01007959",0,0.8,1.9,0.8,0.8,0.3,0.2,0.1,1.2,0.1,0.5,0.4,88.5,0.6,0,0,1.9,0.6,1.5
"187","E01008108",4.2,1.9,6.5,14.6,2.7,6.9,1.5,0.5,2,1.1,1.4,1.5,44.1,0.4,0.2,0.7,5.8,1.4,2.6
"188","E01008109",3.2,13.8,3.7,9.1,2,5,1.6,0.3,1.1,0.3,0.8,0.6,49.9,0.2,0,0.7,5.1,1,1.6
"189","E01008112",4.6,1,2.1,47.1,2.1,2.7,0.9,0.3,0.5,0.2,0.6,1.2,27.2,0.6,0,0.4,4.9,1.5,2.3
"190","E01008113",2.1,0.7,1.6,23.6,2.3,0.8,1.4,0.4,1.3,0.4,1,1.3,52.3,1.8,0,0.4,5.6,0.8,2.3
"191","E01033273",1.6,2.5,3.2,4.1,3.5,7.7,0.7,0.5,1.7,0.6,1.3,0.7,61.5,0.2,0,0.6,6.3,1.5,2
"192","E01033274",0.7,4.6,7.9,2.5,3.4,6.6,1,0.1,0.9,0.9,0.8,1.2,58.1,0.7,0,0,8,0.9,1.6
"193","E01008095",1.1,3.2,4.3,2.1,1.6,7.5,2.6,0.3,1.2,1.3,2.4,2.2,56.9,0.5,0.1,0,8.3,1.4,3
"194","E01008096",0.2,3.2,2.1,3.3,2.1,6.5,1.2,0.5,0.9,1.3,3.8,0.7,61.3,0.5,0,0,6.9,3,2.4
"195","E01008097",0.1,2.3,0.1,1.1,1.3,6.5,1.9,0.7,0.7,1.1,4,1,70.1,0.4,0,0.1,4.8,1.3,2.4
"196","E01008101",0.9,2.7,1.5,4,3,8.8,1.4,1,1.4,0.6,4,0.8,61.7,0.2,0,0.2,4.3,1.7,1.8
"197","E01007965",0.4,0.2,0.1,1,1,4.8,0.8,1.7,0.4,0.3,1.9,0.5,83.4,0.1,1.5,0,1,0.1,1.1
"198","E01007969",0,0.4,0.5,0.8,0.5,1.7,0.8,0.6,1,0.2,1.1,0.4,89.9,0.1,0,0,1,0.5,0.3
"199","E01007972",0,0.1,0,0.4,0.4,0.2,0.4,0,0.4,0.2,1.1,0.5,93.9,0.1,0,0,1.6,0,0.5
"200","E01007974",0.6,0.3,0.7,0.4,0,0.4,1.2,0.1,0,0.1,0.3,0.7,93.9,0.1,0,0,0.7,0.1,0.4
"201","E01007963",0.4,0.8,0.3,0.4,0.6,0.8,2.2,1,0.5,0.2,0.8,0.6,87.6,0.3,0,0.7,1.7,0.6,0.6
"202","E01007967",0.6,0.2,0.6,1.1,0.2,1.6,0.6,0.2,0.8,0.7,1.6,0.6,87.9,0.2,0,0,2.7,0.1,0.4
"203","E01007999",0,0.8,0.5,0,0.1,0.5,0.6,0.2,0.2,0,0.8,0.2,93.9,0.2,0,0.4,1,0.3,0.3
"204","E01008008",2.2,0.2,0.3,1.6,0.4,2.8,1.1,0.5,0.4,0.6,2.5,0.6,81.9,0.3,0.1,0.1,3.6,0.5,0.4
"205","E01008009",0.6,0.1,0.5,1.4,0.9,4.4,1.4,2.1,1.4,0.3,4.5,1,74.6,0.4,0,0.2,5.5,0.5,0.3
"206","E01008043",0,0.2,1.7,16.1,0.8,0.5,0.6,0.2,1,0.7,0.7,1.1,68.9,1,0,0.1,3.5,1.5,1.4
"207","E01008044",1.6,1.7,2.5,17.8,2.2,0.6,0.8,0.1,1.1,0.1,1.2,0.7,62.9,0.7,0,0.1,2.8,0.6,2.5
"208","E01008047",0,0.7,1.6,0.7,0.2,0.2,0.4,0.1,1.3,0.4,1,1.6,82.5,1.4,0,0,6.3,0.2,1.3
"209","E01008048",0.1,0.9,2,2.5,1,1.6,0.8,0.8,1.5,0.2,0.9,0.6,78.9,0.7,0,0.1,6.5,0.3,0.7
"210","E01008050",0.1,1.1,1,1,1.2,0.4,0.9,0.2,1.8,0.5,1.3,1.2,79.8,1.2,0,0.3,6.5,0.6,1.2
"211","E01007931",0.3,1.1,1.5,2.1,1.4,1.1,0.1,0,2,0.3,0.4,1.3,83.7,0.8,0,0,2.6,0.3,1.1
"212","E01007934",0.2,0.6,0.7,1.9,0.1,0.1,0.5,0.1,0.5,0.7,0.5,0.7,87.4,1.5,0.1,0.1,3.3,0.1,0.9
"213","E01007935",0,0.9,0.9,0.3,0.5,0.9,0.6,0.1,1.6,0.6,1.4,1.5,82.6,1.1,0.1,0.2,5.2,0.3,1.2
"214","E01007936",0.1,1,1.2,1,0.5,0.7,1,0.1,1.6,0.3,1.6,1.1,82.6,0.6,0,0,4.2,1,1.3
"215","E01007937",0.3,0.3,0.8,1.8,0.6,0.7,0.1,0.3,0.9,0.4,0.5,0.6,87.4,1.4,0,0,3.6,0,0.2
"216","E01007938",0,1,1.1,0.5,0.3,0.4,0.1,0.1,0.7,0.4,0.6,0.9,90.1,0.3,0,0,3.4,0.1,0.3
"217","E01008098",0.2,0.3,0,1.8,1.1,6.6,1,1,0.3,0.9,3.2,0.9,72.5,0.6,0,0.1,5.2,0.3,4
"218","E01008100",0.2,0.3,0.2,3,2.8,8.7,1.5,0.2,0.8,0.9,3.7,0.7,69.3,0.6,0.1,0,3.8,2.4,0.8
"219","E01008102",0,0.9,0.1,0.8,1.3,6.9,1,1,0.6,0.9,2.2,0.5,77.6,0.1,0.2,0.3,2.6,1.5,1.4
"220","E01008103",0.2,1.8,0.5,2.2,0.4,8.4,2,1.3,0.6,0.4,3.2,0.6,74.4,0.1,0.3,0,2.1,0.5,1.1
"221","E01007964",0.1,0.1,0.4,0.8,0.2,0.9,0.8,0,0.7,0.2,2,0.5,91.5,0.2,0,0.1,1.3,0.1,0
"222","E01007966",0.5,0.5,0.8,0.7,0.1,0.8,1.4,0.2,1.2,0,1.3,0.7,88.7,0.2,0,0,2.7,0.3,0.2
"223","E01007968",0.1,0.2,0.4,1.6,1.1,2.3,0.7,0.2,1.3,0.4,2.1,0.6,82.9,0.1,0,0,5.2,0.8,0.1
"224","E01007970",0.3,0.8,0,0.6,0.2,2.5,0.6,0.5,0.7,0.1,2.6,0.3,87.9,0.5,0,0,1.8,0.1,0.6
"225","E01008042",2.1,0.9,0.5,30.5,2.1,2.5,0.8,1.8,1.4,0.2,0.5,0.7,48,1,0,0.4,4.6,0.6,1.3
"226","E01008045",0.6,0.4,0.7,20.3,2.5,1.6,1.6,0.1,1.9,0.4,1,0.5,61.9,0.5,0,0,3.4,0.4,2.1
"227","E01008046",0.1,0.7,1.1,17.7,1,1.1,1.5,0.4,1.9,0.7,1.7,1.4,62.7,1,0,0.4,3.9,0.9,1.9
"228","E01008049",0.4,0.7,1.2,3.9,0.7,1,0.4,0.1,0.9,0.1,0.9,0.9,82.6,1.2,0,0.1,3.3,0.8,0.7
"229","E01008051",0.1,0.6,0.6,31,2.1,2,1.4,0.3,2.3,0.3,0.8,0.6,51.5,0.3,0.1,0,4.1,0.5,1.4
"230","E01008052",0.7,0.3,2.6,7.5,1.7,1.2,1,0.3,1.5,0.2,0.9,1.3,73.1,1.2,0,0.1,4.8,0.2,1.3
"231","E01007975",1.4,1,0.9,9.8,0.9,3.7,2.4,1.5,0.8,0.4,2,1.4,68.4,0.3,0,0,3.7,0.4,0.9
"232","E01007976",1.3,0.5,0.9,6.7,0.1,5.3,1.4,1,1,0.9,2,0.9,73.4,0.4,0.3,0.4,2.3,0.6,0.5
"233","E01007977",0.7,0.3,0.1,4.3,1.9,6.6,1.7,0.9,0.9,1.3,3.3,1.2,65.9,0.1,0,0.1,7.8,0.9,2
"234","E01007979",0.2,0.4,0.4,3.3,2.6,12.2,1.6,0.9,1.4,2.1,2.2,1.6,61.7,0.1,0.6,0.3,5.1,2.2,1.3
"235","E01008099",0.8,1.3,1.1,3.2,0.8,2.6,1.4,0.6,0.7,0.7,2.4,1.6,73.6,0.5,0.1,0,6.3,1.3,1
"236","E01008000",0.1,0,0.4,0,0.1,0.5,1,0.6,0.4,0.2,1.5,0.3,92.4,0.2,0.1,0,1.6,0.6,0.1
"237","E01008001",0,0.6,0.2,2.2,0,0.9,0.9,1.3,0.3,0.3,0.9,0.5,89.7,0.3,0.1,0,1.2,0.7,0
"238","E01008004",0.3,1.2,0.2,1.3,1.1,0.3,0.9,0.6,0.7,0.3,1,0.4,88.3,0.3,0,0,2.4,0.3,0.4
"239","E01008005",0,0.4,0.1,1,0.4,0.3,0.7,0,0.2,0,0.3,0.5,94,0.2,0,0,1.5,0,0.5
"240","E01008010",0.1,0.1,0,1.3,0.6,2.6,0.8,0.6,0.8,0.4,2.9,0.4,84.6,0.5,0.1,0,3.8,0.2,0.4
"241","E01007978",0.4,0.5,0.4,5.8,0.3,1.5,1.9,0.3,1.2,0.6,2.3,1,75.9,1.1,0.1,0.3,4.6,0.4,1.3
"242","E01007980",0.2,0.4,0.3,5.4,0.7,0.6,0.7,0,1.1,0.4,1.2,1,80.9,0.8,0.1,0,4.5,0.8,1
"243","E01007981",1.1,0.9,0.8,4.6,1.8,1.6,1.8,0.3,1.6,0.1,2.1,0.6,74.9,0.7,0,0.3,5.3,0.3,1.1
"244","E01007983",0.1,0.2,0.4,3.7,1,0.6,1.2,0.1,1.1,0.4,1.4,0.8,83.9,1,0,0,3.4,0.3,0.4
"245","E01007985",0.4,0.9,0.3,1.2,0.7,0.3,0.9,0.3,0.8,0.3,1.4,0.3,87,1.1,0.1,0,3.5,0.1,0.2
"246","E01007982",0.3,0.6,0.5,1,0.4,8.8,1.6,1,0.5,1.7,2.3,0.8,73.4,0.3,0.4,0.1,4.7,0.9,0.9
"247","E01008002",0,0.6,0.1,0.3,0.7,0.9,0.4,0.1,0.3,0.4,0.6,0.2,87.8,0.4,0,0.2,2.2,0.2,4.6
"248","E01008003",0,0.5,0.4,0.3,0.4,1.1,1,0.4,0.4,0.2,1.7,0.4,90.2,0.4,0.1,0,1.8,0.1,0.4
"249","E01008006",0,0,0.2,0.1,0.3,0.8,0.8,0.2,0.2,0.4,1,0.8,92,0.4,0,0.1,1.9,0.1,0.7
"250","E01007927",0.4,1.9,2.7,0.8,1,0.1,0.1,0,1.7,0.1,0.4,0.4,84,0.8,0,0.2,2.9,1.3,1.3
"251","E01007928",0,1.5,3.7,2.2,0.6,0.7,0.2,0.1,2.2,0.2,0.5,0.5,82.8,1.5,0,0,2.6,0.5,0.3
"252","E01007929",0.3,1.2,1.8,2.8,0.9,1.9,0.7,0.4,1.2,0.2,1,1,79.2,1.9,0.1,0,3.2,1,1.4
"253","E01007930",0.2,1.2,3.6,5.4,1.4,0.3,0.4,0,2.1,0.1,0.4,0.6,79.6,1.5,0,0.1,1.9,0.2,1.2
"254","E01007932",0,0.9,2,2,0.9,1.3,0.5,0.1,1.3,0.5,0.7,0.5,83.5,0.8,0,0,3.2,0.5,1.1
"255","E01007939",0,1,0.9,0.7,0.8,0.1,0.1,0,1.9,0.1,0.7,0.7,89.6,1,0,0,1.9,0.3,0.2
"256","E01008028",0.3,0.1,0.6,0.1,0.3,0.4,0.1,0.3,0.9,0.1,1.2,1.2,93.1,0.2,0,0,0.9,0,0.2
"257","E01008029",0,0,0.5,0.5,0.8,0.5,0.2,0.5,0.9,0,2.9,0.4,89.3,0.1,0,0,3,0.3,0.3
"258","E01008032",0,0.2,0,0,1,0.4,0.2,0.1,0.2,0,1.9,0.1,94,0.4,0.1,0,1,0,0.2
"259","E01008034",0,1,0.9,0.1,0.2,0.3,0.3,0,0.6,0.1,1.2,0.3,93.1,0.6,0,0,1.1,0,0.3
"260","E01007828",1.3,0.9,1.7,3.5,0.8,0.7,1,0.2,0.8,0.4,1.2,0.9,81.1,0.2,0,0,3.7,0.5,1
"261","E01007829",0.6,1.3,0.6,4.3,0.6,0.8,0.4,0.1,0.9,0.1,1.1,1.4,78,0.9,0,0,6.7,0.8,1.2
"262","E01007831",0.1,0.1,0.4,2,0.7,0.6,0.1,0.1,1.2,0.7,0.6,0.4,87.2,1.1,0,0,3.4,0.2,1
"263","E01007832",0.3,0.7,0.2,1.2,0.1,0.4,0.8,0.1,0.8,0.4,0.8,0.5,90.3,0.7,0,0.1,2.2,0.1,0.2
"264","E01007986",0.2,0.4,0.1,4.1,0.9,0.6,1.1,0.3,0.2,0.4,2.2,1.3,82.9,0.4,0,0.1,3.9,0.3,0.7
"265","E01008007",0.5,0.1,0.2,0.3,0.7,2.2,1.3,0.4,1.2,0.5,1.7,0.8,85.2,0.5,0.1,0,3.2,0.2,0.9
"266","E01008075",0.2,0.8,1.5,2,2.1,11.7,0.9,1.1,1.1,2.1,3.2,3.2,59.3,0.3,0,0.1,7.7,1.4,1.2
"267","E01008076",0,0.7,0.1,0.8,1.7,5.9,0.9,1.1,0.7,1.4,1.7,1,79.1,0.6,0,0,1.7,0.7,1.8
"268","E01008077",0,0.7,0,0.3,0.4,5.4,0.5,0.3,0.3,1,2.8,0.5,85.4,0.8,0,0,1.2,0,0.5
"269","E01008031",0,0.6,0.7,0.1,0.3,0.8,0.1,0.1,0.6,0,0.9,0.2,91.6,0.1,0,0,3.3,0.4,0.3
"270","E01008033",0,1.3,0.2,1.2,1.2,1.1,0.5,0,0.2,0.1,0.4,0.6,91,0.2,0,0,1.3,0,0.7
"271","E01008038",0,0.8,0.8,0.7,0.1,0.1,0.3,0,0.1,0.1,0.1,0.1,94.2,0.5,0,0,0.9,0.2,0.8
"272","E01008040",0.1,0.3,0.4,0.3,0.6,0.6,0.7,0,0.9,0.1,0.6,0.3,92.5,0.6,0,0,1.9,0.3,0
"273","E01007835",0.4,0.1,0.5,0.2,0.2,0.2,0.7,0.2,0,0.1,1,0.2,94.3,0.5,0,0.1,1.1,0,0.4
"274","E01007836",0,0,0,0.7,0.3,0.6,0.7,0.1,0.3,0,0.3,0.3,94.8,0.2,0.1,0,1.3,0.1,0.3
"275","E01007843",0,0.4,0.2,0.4,0.2,1,0.2,0.1,0.1,0.6,1.4,0.2,90.2,0.4,0,0.2,3.8,0.1,0.5
"276","E01007846",0.8,0.1,0.1,0,0.4,0.2,0.1,0.1,0.1,0,1.3,0.1,95.1,0.3,0,0,0.7,0.1,0.4
"277","E01008030",0,0.1,0.3,0.1,0.4,0.5,0.1,0,0.8,0.1,0.6,0.5,94.4,0.4,0,0,1.7,0,0.1
"278","E01008035",0,0.1,0.3,0.4,0.1,0,0,0,0.1,0,0.2,0.3,97.1,0,0,0,1.2,0,0.2
"279","E01008036",0,0.5,0.4,0.1,0.2,0.7,0.1,0,0.3,0,0.2,0.2,95.9,0.5,0,0,1,0,0.1
"280","E01008041",0.4,0.3,0.6,0.2,0.6,0.8,0.7,0,0.2,0.2,0.5,0.1,94.8,0.2,0,0,0.2,0,0.2
"281","E01007827",0,0.2,0.5,1.4,0.7,0.5,0.4,0.2,1.2,0.4,1.2,1,89.3,0.4,0,0,1.8,0.3,0.5
"282","E01007830",0.1,0.1,0.5,1.2,0.5,0.8,1.1,0.3,0.5,0.1,1.2,0.5,90.8,0.4,0,0,1.8,0.1,0.1
"283","E01007833",0,0.4,0,2,0.4,1.1,0.4,0.5,0.1,0.5,0.8,0.4,89.5,1.2,0,0,1.7,0.5,0.4
"284","E01007984",0,0.2,0.8,0.6,0,0.2,0.1,0,0.7,0.4,1.2,0.5,92.4,0.5,0,0,2.2,0,0.1
"285","E01008078",0,0.2,0.9,0.2,0.3,0.3,0.6,0.1,1.4,0.1,0.9,0.5,91.2,0.4,0,0,1.4,0.3,0.9
"286","E01008079",0.4,0.3,0.2,1.2,0.2,0.5,0.4,0.4,1.3,0.4,0.7,0.4,91.4,0.5,0,0,0.7,0.1,0.7
"287","E01008019",0.1,0.2,0.5,1,0.7,0.8,0.4,0.1,0.4,0.4,1.9,0.4,90.7,0.2,0,0,1.7,0,0.2
"288","E01008020",0,0.1,0.1,0.2,0,0.6,0.9,0,0.4,0.3,0,0.7,93.8,0.4,0,0,1.9,0,0.6
"289","E01008022",0,0.1,0.1,0.3,1.2,1.8,1.8,1,0.6,0.2,2.6,0.6,84,0.2,0,0,3.7,0.1,1.5
"290","E01008027",0,0.3,0.4,0.1,0.9,1,0.3,0.6,1,0.2,1.1,0.2,91.8,0.3,0,0,1.6,0,0.1
"291","E01008037",0,0.1,0.2,0,0.6,0.5,0.2,0.4,0.1,0.2,0.8,0.3,94.8,0.5,0,0,1.1,0.1,0.3
"292","E01008039",0,0.6,0.9,1.3,0,0.1,0.2,0.3,0.1,0,0.5,0.5,94.3,0.3,0,0,0.6,0,0.2
"293","E01007824",0,0,0.8,1.3,0.3,0.2,0.8,0.1,1.4,0.3,1.1,0.5,89.9,0.7,0,0,2.2,0.2,0.4
"294","E01007825",0.6,0.5,0.7,1.9,0.5,0.5,0.6,0.2,0.6,0.2,0.2,0.3,90.1,0.3,0,0,2.4,0.1,0.5
"295","E01007826",0.6,0.3,0.2,1,0.5,0.1,0.1,0,1.6,0.1,0.2,0.3,93.4,0.1,0,0,1.2,0.1,0.3
"296","E01007834",1.4,0.4,0.5,1.7,0.5,0.6,1,0,0.7,0.1,0.6,0.6,88.6,0.5,0,0,2.1,0.6,0.2
"297","E01007920",0.3,0.7,2.1,1.4,0.3,0.3,0.1,0.2,1.5,0.2,0.2,0.9,87.9,0.8,0,0,1.5,0.8,0.6
"298","E01007921",0.7,0.9,1.3,1.3,0.6,0.7,0.2,0.2,1.3,0.9,1.4,0.6,87.3,0.4,0,0,1.6,0.5,0.2
"299","E01007923",0.2,1,1.2,1.5,0.5,0.4,0.9,0.4,1.3,0.4,1.1,0.8,85,0.8,0,0,2.4,1.4,0.8
"300","E01007925",0.3,1.5,1.7,1.9,0.4,0.8,0.3,0.2,1.7,0.2,0.7,1,83.2,0.8,0,0,3.6,0.8,0.8
"301","E01007926",0.2,0.8,0.8,1.6,0.8,1,0.2,0.3,1.5,0.2,0.9,0.7,88.7,0.6,0,0.1,0.9,0.2,0.3
"302","E01007933",0.3,1,3.1,1.4,0.9,1,0.1,0.1,1.4,0.4,0.3,0.9,85.5,0.3,0,0,1.3,1.1,1
"303","E01007823",1.4,0.3,0.4,0.8,0.4,0.7,0.5,0,1.3,0.3,1,1,88.8,0.7,0,0,1.9,0.1,0.6
"304","E01007916",0.1,0.6,0.3,1,0.1,6.5,1,1.3,0.3,0.4,1.7,0.9,75.1,0.3,0.1,0,9.2,0,1.4
"305","E01007919",0.2,0.1,0.1,1.6,2.4,3.8,0.4,0.7,0.7,1,1.8,0.4,81.1,0.2,0.3,0,4.5,0.1,0.5
"306","E01008080",1.5,0.6,0.3,1,0.4,2.8,0.8,0.4,0.5,0.1,1.3,1.1,86.5,0.8,0,0,1.1,0.2,0.6
"307","E01008081",0,0.1,0,0.9,1.3,3.8,0.9,0.7,0.4,0.6,1.6,0.7,83.2,0,0.1,0,3.3,0.9,1.6
"308","E01008082",0.3,0.1,1.4,1.2,1.3,3.4,1.1,0.8,0.5,1.3,2,1,80,0.3,0,0,3.8,0.1,1.5
"309","E01008083",0.9,0.5,0.1,2.2,1.4,6.8,1.4,1,0.8,1,2.6,0.4,76.8,0.2,0,0,2,1.1,0.7
"310","E01008084",0.2,0.7,0.1,1.8,2.8,7.2,1.4,1.1,0.8,1.6,3,1.3,71.5,0.1,0.2,0.3,2.7,1.1,2.1
"311","E01007915",0,0.6,1.4,2.3,0.3,0.2,0.8,0.1,0.8,0.3,0.8,0,90.2,0.5,0,0,1.7,0,0.1
"312","E01007917",0,0.3,0.3,0.7,0.8,1.4,0.9,0.2,1.1,0.5,1.1,0.7,88.2,1.3,0.3,0,1.7,0.3,0.3
"313","E01007918",0.6,1.1,1.1,2.2,0.7,0.6,0.3,0.1,0.9,0.3,1.5,0.6,85.1,1,0,0,2.5,0.2,1
"314","E01007922",0,0.3,1.2,0.3,0.4,0.5,0.5,0.1,0.9,0.2,1.2,0.1,91.1,0.7,0,0,1.8,0.4,0.3
"315","E01007924",0.4,1,1.5,1.5,0.7,1.2,1,0.8,0.5,0.2,1.5,0.4,85.4,0.7,1,0,1.5,0.6,0.1
"316","E01008021",0.2,0.1,1,0.1,0.1,0,0.4,0,0.2,0.1,0.4,0.3,92.9,0.5,0,0,1.5,0.1,1.8
"317","E01008023",0.3,0.9,1,0.4,0.5,0.5,0.2,0.1,0.7,0.2,1,0.4,91.9,0.5,0,0,1.2,0,0.3
"318","E01008024",0,0.3,0.2,0.4,0.2,0.1,0.1,0.2,0.6,0.3,0.9,0.6,94.4,0.3,0.1,0,0.9,0.3,0.2
"319","E01008025",0.1,0.5,0.3,0,0.1,0.2,0.2,0,0.4,0.3,0.4,0.7,94.9,0.3,0,0,1.3,0.5,0.1
"320","E01032585",0,0.1,0.6,0.2,0.1,0,0,0,0.5,0.5,0.5,0.2,95.8,0.5,0,0,0.6,0.2,0.5
"321","E01033261",0.7,35.3,5.9,1.5,3.2,4.3,0.4,0.2,0.9,0.3,0.8,1.2,27.6,0.3,0,0.2,8,6.6,2.5
"322","E01033262",0.3,6.7,4.2,2.2,2.4,5.6,1.4,0.2,1.1,0.4,1.3,1.2,54.3,0.4,0,0.5,13.1,2,2.6
"323","E01033263",0.2,9.5,2.3,1.8,2.2,7.1,0.8,0.3,1.3,0.3,1.4,1.1,51.1,0.5,0.2,0.3,7.9,5.5,6.1
"324","E01033264",0.7,17.1,6.2,0.9,3.2,5.3,0.6,0.3,1.1,1.1,1.4,2.2,40.7,0.4,0.1,0.7,9.6,7,1.7
"325","E01033276",0.4,25.1,10.1,3.1,6.1,6.8,0.2,0.2,0.8,0.3,0.8,1.8,26.2,0.4,0.1,0,12,3,2.8
"326","E01008114",1.1,12.7,3.4,3.6,3.9,14.3,1.6,1.3,1.1,1.2,1.4,0.8,35.1,0.5,0,0,5.5,8,4.6
"327","E01008115",1.6,0.9,4.6,5.3,4.3,7.8,1.5,0.5,1.6,0.6,1.5,1.4,56.4,0.7,0.1,0.2,5.7,2.3,2.9
"328","E01033265",0.4,18.6,4.7,1.5,4.2,5.1,1,0.3,1.1,0.3,1,0.8,42.3,0.2,0,0.6,8.9,4.7,4.2
"329","E01034844",0.3,13.5,6.1,1.6,4.2,4.2,0.2,0.4,1.1,0.7,0.6,1,46,0.7,0.3,0,8.8,7.9,2.5
"330","E01007878",1.8,1.5,0.5,0.8,1.8,6.9,3.4,2.1,3.1,1.2,3.7,0.7,65.2,0.1,0.1,0.2,4.6,1.9,0.5
"331","E01007879",0.5,1.1,1.3,9.7,3.7,5.5,2.4,0.2,1,0.4,1.8,1.2,60.2,0.1,0.1,0.7,6.2,2.1,1.7
"332","E01007881",0.6,1.2,1.3,4.6,0.6,4.9,2.2,1.2,0.3,0.5,2.9,0.3,70.8,1.2,0,0.3,4.5,1.4,1.2
"333","E01007882",0.4,1,1.3,18.5,2.6,3.1,3.2,0.7,2.8,0.5,2,0.9,54,0.7,0.1,0.1,6,0.5,1.5
"334","E01007885",0.6,1.1,0.8,2.1,4.1,12.1,3.6,1.5,0.8,1.8,3.8,2,47.7,0.1,0.1,0.2,5.1,4.8,7.9
"335","E01007886",0.6,0.8,0.7,0.7,0.7,5,1.5,0.6,1.2,0.7,2.7,1.1,76,0.1,0,0,4.2,2.7,0.8
"336","E01033268",0.5,3.1,2,2.7,2.2,9.7,2.5,1.2,0.7,1,1.6,1.2,58.7,0.5,0,0.4,7.5,1.9,2.4
"337","E01007838",0,0.1,0.2,0.1,0.1,0.1,0.2,0.3,0,0.1,1.4,0.1,95.9,0.1,0,0.2,0.8,0.1,0.1
"338","E01007839",0,0.1,0.2,0.3,0.2,0,1.7,0,0.3,0.1,1.4,0.2,94.3,0.2,0,0,1,0,0
"339","E01007841",0,0.1,0,0.4,0.1,0.5,0.1,0.1,0.6,0.1,0.4,0.6,95,0.2,0,0,1.5,0.1,0.1
"340","E01007842",0,0.3,0,0.3,0.3,0.3,0.4,0.4,0.6,0.1,0.7,0.1,95.2,0.4,0,0,0.7,0.3,0
"341","E01033279",0,0.2,0.1,0.3,0.7,0.7,0.3,0.2,0.3,0.4,1.5,0.5,92.1,0.2,0,0.1,2.4,0,0
"342","E01034845",0,0.3,0,0.3,1.1,0.6,0.5,0,0.5,0,2.5,1,91.9,0.3,0,0,1,0,0.2
"343","E01034846",0,0,0.2,0,0.9,2.2,0.8,0.4,0.4,0.1,3,1.3,88.5,0.4,0,0.1,1.1,0.6,0.1
"344","E01007694",0,0.4,0,0,0.2,0.8,0.1,0.2,0.2,0.4,0.3,0.1,94.2,0.4,0.2,0,2.4,0.1,0.1
"345","E01007695",0,0.2,0.4,0,0.1,0.3,0,0.2,0.2,0.1,0.5,0.4,95.7,0.3,0,0.1,1,0.2,0.3
"346","E01007697",0.1,0.2,0.1,0.1,0.4,0.2,0.1,0.1,0.2,0.2,0.4,0.1,96.2,0.1,0.6,0,1,0.1,0.1
"347","E01007698",0,0.2,0.8,0.2,0,0.1,0.1,0,0,0.1,0.1,0.3,96.8,0.4,0,0,0.5,0.1,0.3
"348","E01034246",0,0,0.6,0.2,0.2,1.1,0.2,0.3,0.2,0.3,0.3,0.2,93.9,0.1,0.2,0,2.1,0,0.3
"349","E01034247",0.2,0.3,0.4,0.6,0.2,1.1,0.1,0.6,0.9,0.1,0.5,0.2,90,0.1,0.2,0,4.1,0,0.3
"350","E01007816",0,0.1,0.3,0.2,0.3,0.8,0.2,0,0.7,0.3,0.7,0.5,94.4,0,0,0,0.8,0.7,0.1
"351","E01007817",0,0,0.1,0,0.2,0.1,0,0.1,0.1,0.1,0.2,0.3,97,0.2,0,0,1.3,0,0.2
"352","E01007819",0,0,0.1,0.1,0.1,0.8,0.1,0.2,0.2,0.1,0.3,0.1,96.3,0.2,0,0,1.3,0,0.2
"353","E01007820",0,0.9,0.3,0,0.2,0.3,0.2,0,0.6,0.6,0.6,0.5,91.9,0.3,0.4,0,3.1,0.1,0.1
"354","E01007821",0,0,0.4,0.5,0.1,0.3,0.1,0.2,0.5,0.3,0.3,0.4,95.6,0.5,0.2,0,0.4,0,0.1
"355","E01007822",0,0,0.4,0.5,0.2,0.5,0.1,0,0.6,0.5,0.3,0,94.1,0.6,0,0.1,1.4,0.3,0.6
"356","E01007796",0,0,0,0.3,0.1,0.4,0.1,0.2,0.3,0.1,0.8,0.1,95.3,0.1,0,0,1.8,0.3,0.3
"357","E01007797",0,0,0.1,0.3,0.3,0.3,0,0,0.2,0,0.1,0,97.1,0.4,0,0,1.1,0,0.1
"358","E01007798",0,0,0.1,0.2,0,0,0.1,0,0.3,0.1,0.3,0.3,97.6,0.1,0,0,0.4,0.4,0.3
"359","E01007799",0,0,0,0.3,0.1,0.5,0.2,0,0.5,0,1,0.1,96.4,0.1,0,0,0.5,0,0.2
"360","E01007800",0,0,0.2,0.1,0.2,0.9,0,0.1,0,0,0,0.5,95.3,0.2,0,0,1.9,0.1,0.6
"361","E01007818",0,0.8,0.3,0.7,0.2,0.1,0.1,0.2,0.2,0.1,0.5,0.2,96.1,0.1,0,0,0.2,0,0.1
"362","E01007777",0,0.1,0,0.4,0.1,0.1,0,0,0.5,0.2,0.5,0.1,97.3,0,0,0,0.4,0.1,0
"363","E01007793",0,0.3,0.4,0.6,0.6,0.9,0.1,0,0.1,0.1,0.1,0.1,94.8,0.1,0,0,1.4,0.1,0.4
"364","E01007794",0,0.4,0.6,0.5,0.2,1.5,0.2,0.5,0.5,0.5,0.9,0.3,91.8,0.2,0,0.2,1.7,0.1,0.1
"365","E01007795",0,0.2,0.5,0.1,0.2,0.2,0.2,0,0.2,0.1,0,0,98,0.2,0,0,0.5,0,0
"366","E01007778",0,0.5,0,0,0.4,0.1,0,0.1,0.1,0,0.1,0.3,97.2,0.1,0.1,0,0.6,0,0.3
"367","E01007779",0,0.1,0.2,0.4,0.5,0.4,0,0,0.6,0.3,0.1,0.3,95.9,0.3,0,0,0.9,0.1,0.1
"368","E01007780",0,0,0,0.6,0.3,0,0.1,0,0.1,0.4,0.4,0,96.3,0.1,0,0,1.4,0,0.1
"369","E01007781",0.3,0.4,0.3,0.7,0.1,0.6,0,0,0.2,0.3,0.2,0.3,95.6,0.3,0,0,0.3,0.2,0.1
"370","E01007782",0,0,0.3,0.2,0.3,0.1,0,0,0.3,0.1,0.2,0.1,96.7,0.2,0,0,1.2,0.1,0.1
"371","E01007771",0,0,0,0.1,0.8,0.4,0.1,0,0.7,0.2,1.1,0.3,94.7,0.2,0,0,1.1,0.1,0.3
"372","E01007772",0,0.3,0.1,1.1,0.4,0.4,0.1,0.1,0.2,0.6,0.6,0.3,92.6,0.2,0,0.4,2.5,0,0
"373","E01007773",0.3,0.3,0.4,0.4,0.5,0.8,0,0.1,0.3,0.5,0.1,0.3,93.5,0.1,0,0,2.1,0.4,0.1
"374","E01007774",0,0,0.3,0.3,0,0.2,0.1,0.1,0.9,0.2,0.6,0.4,93.1,0.3,0.5,0,2.1,0.3,0.5
"375","E01007696",0,0.1,0.4,0,0.3,0.1,0.1,0,0.6,0.2,0.7,0.1,96.3,0.3,0.1,0,0.5,0.1,0
"376","E01007801",0,0.3,1,0.4,0.7,0,0.1,0,0.3,0,0.3,0.3,95.7,0.2,0,0,0.8,0,0
"377","E01007802",0,0.5,0,0,0.1,0,0,0,0.2,0,0.3,0.1,97.9,0.5,0,0,0.2,0.1,0.1
"378","E01007803",0,0,0,0.4,0.2,0,0.1,0,0.8,0.2,0.4,0.6,96.7,0.4,0,0,0.2,0.1,0.1
"379","E01007808",0,0,0,0.4,0.2,0,0.1,0,0.1,0,0.3,0,98.4,0.2,0.1,0,0.3,0,0.1
"380","E01007775",0,0.1,0,0.1,0.4,0.5,0.5,0.2,0.1,0.5,0.7,0,92.6,0.3,0.2,0,2.5,0.2,0.9
"381","E01007776",0,0,0.6,0.8,1,1.3,0.3,0.6,0.3,0.5,0.4,0.8,90.9,0.1,0.2,0,1.3,0.1,0.9
"382","E01007783",0.2,0.1,0.9,0.9,0.9,0.6,0,0.5,0.5,0.5,0.7,0.2,89.8,0.4,0.1,0,3.1,0.1,0.5
"383","E01007784",0,1.3,0.2,0.5,0.3,1.3,0.3,0.2,0.3,0.3,0.6,0.3,88.7,0.6,0.2,0,3.9,0.1,0.8
"384","E01007728",0,0.2,0.2,0.5,0,0.4,0.1,0.2,0.3,0,0.2,0.2,96.5,0.1,0,0.3,0.9,0,0.1
"385","E01007729",0,0.1,0.1,0,0.4,1.5,0.1,0.1,0.4,0.5,0.5,0.4,92.8,0.4,0,0.1,1.6,0,1.1
"386","E01007730",0.3,0.2,0,0.2,0.4,1.1,0.1,0,0.7,0.2,0.2,0.6,93.7,0.1,0,0.4,1.6,0,0.1
"387","E01007731",0,0.5,0.1,0.1,0.2,0.4,0,0,1,0.4,0.4,0.2,94.4,0.3,0.1,0,0.6,0.3,1
"388","E01007732",0,0.2,0.2,0.6,0.3,1.2,0.1,0.1,0.6,0.4,0.5,0.3,93.8,0.2,0,0,1.5,0,0.1
"389","E01007733",0,0,0,0,0.2,1.1,0.1,0.1,0.3,0.8,0.7,0.4,95.4,0.2,0,0,0.6,0,0.1
"390","E01007719",0,0.3,0.2,0.2,0.2,0.6,0,0.3,0.3,0.3,0.8,0.2,92.4,0.2,0.1,0,2.8,0.1,0.9
"391","E01007720",0,0,0.1,0.5,0.2,0.7,0.1,0.1,0.3,0.2,0.4,0.1,95.7,0.1,0,0,1,0,0.5
"392","E01007721",0.1,0.2,0.4,1.2,0.4,0.7,0.1,0.1,1,0.6,0.5,0.3,90.7,0.2,0,0,2.7,0,0.7
"393","E01007727",0,0,0,0.9,0.1,0.8,0.3,0.1,0.3,0.1,0,0.6,93.8,0.8,0.1,0.1,1.8,0.4,0.1
"394","E01007740",0.4,0,0.6,0.6,0,2.9,0.2,0.5,1.1,0.4,0.9,0.2,89.4,0.3,0,0,2.2,0.4,0
"395","E01007804",0,0,0.1,0.3,0.3,1.1,0.1,0.6,0.4,0.1,0.6,0.5,93.1,0.1,0,0,1.7,0.4,0.5
"396","E01007805",0,0.3,0,0.5,0,2.1,0,0.4,1.4,0,0.9,0.1,90.5,0.4,0,0,3.1,0.2,0
"397","E01007806",0,0,0,0.9,1.1,1.2,1.1,1,0.4,0,1.4,0.4,89.7,0.3,0,0,2.5,0,0.1
"398","E01007807",0,0.7,0.1,0,0.6,1,0.1,0.6,0.6,0,0.1,0.3,91.6,0.5,0,0,3.5,0.1,0.1
"399","E01007681",0,0.3,0.2,0.4,0.1,0.3,0,0.1,0.2,0.2,0.3,0.3,95.8,0.2,0,0,1.4,0.1,0.2
"400","E01007691",0,0.1,0.1,0.1,0,0,0,0,0.5,0.4,0,0.1,97.2,0.5,0,0,0.5,0,0
"401","E01007692",0,0,0,0.5,0.2,0,0.1,0,0.1,0,0.5,0.1,97.4,0.2,0,0,0.7,0.1,0.2
"402","E01032926",0,0.9,0,1.1,0.4,0.4,0,0.4,0.5,0.2,0.5,0.3,94.4,0.2,0,0,0.5,0.1,0.3
"403","E01032927",0,0.2,0.5,0.2,0.5,0.4,0.1,0,0.4,0,0.2,0.1,95.2,0.3,0.2,0,1.5,0,0.1
"404","E01007723",0,0,0,0.8,0.1,1,0.1,0.2,0.4,0.1,0.4,0.6,91.9,0.1,0,0.1,2.9,1.2,0.1
"405","E01007735",0,0,0.4,5.8,1.1,1.6,0.2,0.1,0.3,0.6,0.2,0.1,86,0.1,0.1,0,2.8,0.3,0.3
"406","E01007737",0,0.4,0,2.7,0.7,2.8,0.2,0.6,1,0.6,0.4,0.4,83.8,0.1,0,0,5.8,0.2,0.4
"407","E01007738",0,0.5,0.4,6.9,1.7,2.2,0.3,0.1,1.4,1.1,0.9,0.6,76.8,0,0,0.1,4,0.5,2.4
"408","E01007739",0,0.1,0.5,15,2.2,0.7,0.3,0.4,1,0.1,0.2,0.3,74.5,0.1,0.1,0,3.5,0,1
"409","E01007736",0,0.4,0.2,14.6,6.5,4.2,0.1,0.4,0.9,0.6,0.5,1.1,56.5,0.4,0.2,1.3,4.9,4.8,2.5
"410","E01007765",0.1,0.9,0.6,11.5,2.6,0.8,0,0,0.6,0.2,0.5,0.6,71.2,0.3,0.1,0.5,6.7,0.9,2.1
"411","E01007766",0.3,0.7,0.1,12.5,2.2,2.1,0.2,0.5,1.4,0.3,0.5,1.4,72.7,0,0.1,0.5,3.6,0,0.8
"412","E01007768",0.3,0.4,0.3,21.7,4.8,5.3,0.1,0.7,0.8,0.8,0.3,1,41.4,0.2,0.2,4.3,8.5,3.5,5.8
"413","E01007770",0.2,0.4,0.4,23.7,2.4,2.1,0.4,0.1,1,0.2,0.3,0.6,60,0,0.5,0.1,4.5,0.8,2.5
"414","E01007741",0,0.1,0.1,0.4,0,0.5,0,0.1,0.2,0,0.4,0.1,94.9,0.2,0.1,0.5,1.9,0,0.2
"415","E01007742",0,0,0.4,2.1,0,0.4,0.1,0,0.6,0.2,1.1,0.2,92.4,0.4,0,0,2.2,0,0
"416","E01007743",0,0,0.1,0.1,0.3,0.7,0,0.1,0.2,0,0,0.5,95.8,0.8,0,0,1.2,0.1,0.3
"417","E01007744",0,0.5,0.3,1,0.1,0.8,0.1,0.1,0.4,0.1,0.4,0.1,91.2,0.5,0.1,0,3.9,0.1,0.3
"418","E01007745",0,0.1,0,3.3,0.4,1.9,0.2,0.1,1,0.4,1,0.1,87.7,0.1,0,0,3.3,0.1,0.2
"419","E01007746",0,0.4,0.1,1.5,0.1,0.8,0.1,0.2,0.6,0,0.3,0.3,93,0.3,0,0,1.8,0.5,0.1
"420","E01007715",0,0.2,1.3,27.3,4.6,2.3,0.1,0.5,0.6,0.7,1,0.4,31.1,0.1,1.3,3.9,11.6,1.8,11.1
"421","E01007716",0.3,0.2,0.7,36.3,3.6,2.7,0.2,0.3,0.7,0.6,0.4,0.3,40.7,0.1,0.4,1.9,6.6,1.2,3
"422","E01007717",0,0.1,0.1,3.9,1.1,2.7,0.1,0.4,1.2,0.3,0.6,0.2,81.1,0.2,0,0,5.6,0.6,1.9
"423","E01007718",0,0.7,0.6,14.2,1.9,1.9,0,0.1,0.6,0.6,0.5,0.4,67.8,0.3,0,0.1,7.2,0.8,2
"424","E01007677",0,1.1,1,6.7,1,4.9,0.1,1,0.7,1,1,1.1,71.4,0.2,0,0.1,5.7,1.8,1.3
"425","E01007714",0.2,0.7,0.3,18.6,2.9,2.4,0.8,0.6,0.5,0.2,0.3,1.1,44.1,0.4,0.7,2.7,16,2.4,5.2
"426","E01007767",0,0.7,1.3,19.6,1.6,0.5,0.7,0.1,1.1,0.6,0.5,0.3,63.9,0.7,0,1,3.7,1.1,2.7
"427","E01007769",0.1,0.8,0.7,27.1,3.2,4.2,0.2,0.5,0.5,0.6,0,1.2,18.1,0.5,2.4,14.1,10.8,1.5,13.5
"428","E01007685",0,0,0.8,0.4,0.5,0.7,0,0,0.3,0,0.2,0.2,96,0.2,0,0,0.4,0.1,0.1
"429","E01007754",0,0,0.7,0.2,0.4,0.1,0.2,0,0.3,0.1,0.1,0,95.5,0.5,0,0,1.4,0,0.6
"430","E01007755",0.1,0.1,0.1,0.1,0.1,0.1,0,0,0.2,0,0,0.1,97.3,0.4,0,0,0.9,0,0.6
"431","E01007756",0,0.2,0,0,1.5,0.1,0,0,0.4,0.1,0,0.1,96.3,0.5,0,0,0.5,0.1,0.1
"432","E01007761",0,0.1,0,0.1,0.1,0.1,0,0,0.6,0.1,0.1,0.1,97.4,0.2,0,0.1,1.1,0.1,0.1
"433","E01007762",0,0.1,0.1,0,0.1,0.1,0.1,0,0.1,0.3,0.1,0.1,97.8,0.8,0,0,0.1,0.1,0
"434","E01007682",0,0,0.1,1.3,0.2,0.2,0,0.2,0.8,0.2,0.6,0.1,93.1,0.2,0,0.4,2,0,0.5
"435","E01007683",0,0.1,0,0.8,0.1,0,0,0,0.2,0.2,0.2,0.2,96.8,0.4,0,0,1.2,0,0
"436","E01007686",0,0.1,0.4,0.8,0.3,0,0,0,0.1,0.1,0.1,0,97.4,0.3,0,0,0.3,0,0.1
"437","E01007688",0,0.3,0.1,0,0.1,0,0,0,0.5,0,0.2,0.3,97.9,0.2,0,0,0.1,0.1,0.1
"438","E01007725",0,0.4,0.5,0.2,0.2,0.6,0.3,0.1,0.2,0,0.6,0.2,96.1,0,0.2,0,0.3,0,0.2
"439","E01007726",0.3,0,0,0.1,0.8,0.6,0.1,0.1,0.3,0.2,0.4,0.3,93.5,0.1,0,0.7,2.1,0.1,0.3
"440","E01007757",0,0.1,0.8,0.1,0.1,0.1,0,0,0.1,0.1,0.3,0.1,97.4,0.6,0,0,0.3,0,0.1
"441","E01007758",0,0.2,0,0.7,0.1,0.4,0.1,0.1,0,0.1,0.3,0.2,95.1,0.1,0,0,1.9,0.1,0.6
"442","E01007759",0,0,0.2,0.1,0.1,0.3,0.1,0,0.2,0.1,0.4,0.6,96.7,0.2,0,0,0.8,0,0.2
"443","E01007760",0,0.1,0.3,0.1,0.2,0.4,0.1,0.1,0.4,0.4,0.2,0.2,92.7,0.5,0.1,0,3.4,0.1,0.7
"444","E01007763",0,0.5,0,0.3,0.3,0,0,0.1,0.4,0.1,0.3,0.5,93.8,0.3,0.6,0,2.8,0,0.1
"445","E01007764",0,0.2,0.1,0.4,0.2,0.4,0.1,0.1,0.2,0.1,0.5,0.4,93.8,0.2,0,0,3.2,0.1,0.3
"446","E01007708",0.3,1.1,0.9,6.9,1.8,1,0.1,0.4,1.1,0.3,0.7,0.2,82.3,0.4,0,0,1.6,0,1.1
"447","E01007709",0,0.5,0.6,2.4,0.3,0,0.3,0.1,0.5,0.1,0.3,0.1,92.8,0.1,0,0.1,1.4,0,0.5
"448","E01007710",0,0.6,0.5,3.2,0.6,0.2,0.1,0,0.2,0.2,0.7,0.4,91.1,0.5,0.1,0.1,1.2,0,0.4
"449","E01007711",0,0.1,1.1,10.6,1.8,0.6,0,0.2,0.8,0.1,0.3,0.1,82.3,0.2,0,0.3,0.6,0.1,0.7
"450","E01007724",0,0.2,0.1,1.9,0.2,0.5,0.1,0,0.6,0.4,0.4,0.5,93.8,0,0,0,1.1,0.1,0.1
"451","E01007734",0,1,0.3,9.4,0.9,1.6,0.1,0.2,0.7,0.2,0.2,0.3,80.5,0.2,0,0.5,2.2,0.5,1.3
"452","E01007675",0.2,0.2,2,38.2,3.9,0.8,0.1,0.2,1.1,0.2,0.4,0.7,43.1,0.1,0.4,0.2,3.7,1.1,3.7
"453","E01007678",0.4,0.6,10.5,19.1,5.6,1.9,0,0,0.7,0.4,0.1,0,55.1,0.2,0,0,3,1.4,1.1
"454","E01007679",0.1,0.1,2.2,28.8,5.8,1.4,0.1,0.3,1.3,0,0.4,0.9,49.1,0.8,0,0,5.8,1.9,1.1
"455","E01007680",0,0.1,0.4,44,3.4,0.8,0.1,0.3,0.5,0,0.3,0.4,34.9,0.2,0.2,2.3,6.5,0.7,5
"456","E01007712",0.3,0.3,1.5,23.3,3.4,0.5,0,0.2,1.5,0.1,0,0.2,64.6,0.2,0,0.3,2.1,0.2,1.1
"457","E01007713",0.2,0.1,2.6,19.2,1.2,0.9,0.1,0.3,0.9,0.1,0.2,0.6,69.3,0.1,0,0.2,1.8,0.4,2
"458","E01007676",0,0.1,0.1,3.6,1.5,1.9,0.1,0.4,0.6,0.7,0.9,0.4,84,0.2,0,0.1,4,0.6,0.9
"459","E01007702",0,0.3,0.3,2.3,1.6,1.3,0.3,0.2,0.8,0.4,0.8,0.1,86.2,0.2,0,0,3.5,0.3,1.4
"460","E01007703",0,0.2,0.2,5.6,0,0.1,0,0.2,0.3,0,0.2,0.1,90.4,0.1,0.1,0,1.1,0.1,1.5
"461","E01007704",0,0.3,0.7,2.6,0.3,1.4,0.2,0.1,0.2,0.1,0.5,0.1,91.3,0.2,0,0,1.7,0,0.3
"462","E01007705",0,0.5,0,3.8,0.4,0.3,0.1,0.2,0.5,0.1,0.5,0.1,91,0.1,0,0,1.1,0.4,0.8
"463","E01007707",0,0,0.1,2.3,0.1,1,0,0.1,0.3,0,0.3,0.3,94,0.3,0,0.3,0.5,0,0.1
"464","E01007666",0,0.2,0.2,0.2,0.2,0,0,0.1,0.4,0.1,0,0,97.1,0.3,0,0,0.7,0.3,0.1
"465","E01007809",0,0,0.4,0,0.2,0.4,0.1,0,0.5,0.3,0.6,0.4,94.9,0.2,0.1,0,1.8,0,0.1
"466","E01007810",0,0.2,0.5,0.2,0.2,1.2,0.1,0.6,0.4,0.2,0.5,0.1,94.1,0.1,0,0,1.3,0,0.1
"467","E01007815",0,0.2,0,0.9,0.4,0.1,0,0,0.4,0.2,0.1,0,94.6,0.2,0,0.1,2.6,0.1,0.1
"468","E01007699",0.4,1.1,2.5,1.4,0.6,1.7,0.2,0.4,0.7,0.5,0.9,0.3,85.3,0,0,0,3.2,0.1,0.9
"469","E01007700",0.3,0.7,1.2,0.2,0.2,0.3,0.5,0.2,1,0.3,0.8,0.2,92.1,0.2,0,0,1.6,0,0.5
"470","E01007701",0.1,0.3,0.7,0.2,0.7,0.6,0.2,0.2,0.3,0.1,0.2,0.2,94.4,0.2,0,0,1.2,0.2,0.1
"471","E01007706",0,0,0,3.7,0.1,1.3,0.2,0,0.4,0,0.4,0.2,91.6,0,0,0,1.2,0.7,0.2
"472","E01034248",0.1,1.8,4.2,2.7,1.6,2.8,0.3,0.3,1.6,0.3,1.1,1.1,77.6,0.2,0,0,2.9,0.8,0.6
"473","E01034249",0.3,0.9,2.9,1,1.3,3.3,0.7,0.3,1.3,0.2,1.9,0.3,81,0.4,0,0.3,3.2,0.1,0.5
"474","E01034250",0.4,0.6,1.3,0.2,0,0.7,0.5,0,0.3,0.1,1.4,0.5,93.6,0.1,0,0,0.4,0,0.1
"475","E01007788",0.1,0.1,0,0.1,0.1,0,0,0,0.3,0,0.8,0.5,96.3,0.3,0,0,1.3,0,0.1
"476","E01007789",0,0.2,0,0,0.4,1.1,0.1,0,0.1,0.1,1.3,0.1,93.5,0.1,1,0,2,0,0
"477","E01007792",0,0.1,0.1,0.1,0.2,0,0.2,0,0.2,0.2,1,0.1,96.6,0.4,0.2,0,0.7,0,0
"478","E01034251",0,0,0,0.5,0,0.3,0.2,0,0.1,0,0.1,0.2,96.7,0.7,0.2,0,0.9,0.1,0.1
"479","E01034252",0,0,0,0.3,0.2,1.3,0.3,0.1,0.8,0.2,1.1,0.5,92.6,0.3,0,0,1.9,0,0.2
"480","E01007657",0,0.7,0,0,0.2,0.1,0.1,0,0.1,0.1,0.3,0.1,97.2,0.1,0,0,0.9,0,0
"481","E01007659",0,0,0,0,0.2,0,0,0,0,0,0.1,0.1,98.5,0.2,0,0,0.6,0,0.4
"482","E01007785",0,0.4,0.3,0.3,0.1,0,0,0,0.2,0.2,0.4,0.2,96.1,0.2,0,0,1.2,0,0.4
"483","E01007786",0,0.1,0.4,0,0.3,0,0,0.1,0.2,0.2,0.2,0.1,97.5,0.1,0,0,0.7,0.3,0
"484","E01007790",0,0.1,0.5,0.4,0.2,1.1,0.2,0,0.1,0.1,0.5,0.6,92.2,0.1,0.2,0,3.3,0,0.4
"485","E01007791",0.1,0.1,0.1,0.4,1.2,1.7,0,0,0,0.2,0,0.1,94.5,0,0.1,0,1.2,0,0.1
"486","E01007667",0,0.3,0.7,0,0.7,0.3,0,0,0.2,0.1,0.3,0,95.1,0.1,0,0,2,0.1,0.1
"487","E01007668",0,0.2,0.4,0.8,0.1,0.8,0,0.3,0.4,0.1,0.8,0.2,93.8,0.3,0.1,0,1.3,0.1,0.4
"488","E01007669",0,0.1,0.5,0.1,0.2,0.3,0,0,0.7,0,0.7,0.3,95.4,0.4,0.1,0,0.7,0.4,0.1
"489","E01007670",0,0,0.1,0.6,0.6,0.1,0.2,0,0.2,0.2,0.4,0.2,96.6,0.1,0,0,0.6,0,0.1
"490","E01007672",0,0.1,0.4,0,0.1,0.5,0.2,0.1,0.4,0.2,0.7,0.1,95.5,0.4,0,0,0.6,0.4,0.3
"491","E01007673",0,1,0.1,1.4,0.4,0.8,0.3,0.5,0.2,0.3,0.5,0.3,92.7,0.3,0,0,1.2,0.1,0.1
"492","E01007671",0.1,1.1,0.3,0.8,0.4,0.5,0.2,0.1,0.6,0.3,0.8,0.3,92.1,0.4,0,0,1,0.3,0.6
"493","E01007674",0,0.2,0.4,0,0.1,0.9,0.2,0.4,0.5,0.1,0.6,0.1,95.4,0.1,0,0,0.9,0,0
"494","E01007747",0,0.7,0.2,0,0.4,0.1,0,0,0.2,0,0.2,0.2,96.5,0.2,0,0,1.1,0.3,0.1
"495","E01007750",0,0.2,0.4,0.1,0.4,0.1,0.2,0,0.6,0.2,0.4,0.3,94,0.7,0,0,1.7,0,0.6
"496","E01007658",0,0.7,0.3,0,0.1,0,0,0.1,0.2,0.1,0,0.2,96.1,0.2,0,0,1.7,0.1,0.3
"497","E01007660",0,0.8,0.1,0,0.1,0,0.1,0,0.7,0,0.1,0.1,97.1,0,0,0,0.3,0.3,0.5
"498","E01007661",0.1,0.1,0.5,0.1,0,0.5,0.1,0,0.2,0.1,0.1,0,96.8,0.4,0.1,0,1,0,0
"499","E01007662",0,0.1,0,0.1,0,0,0,0,0.2,0,1,0,97.1,0.2,0.1,0,0.9,0.1,0.3
"500","E01007663",0,0.1,0.4,0,0.2,0.5,0.2,0,0.3,0.3,0.5,0.3,94.7,0.5,0,0,1.4,0,0.5
"501","E01007664",0,0,0.3,0.1,0.1,0.3,0,0.2,0.2,0.2,0.1,0.2,97.7,0.2,0,0.1,0.4,0,0.1
"502","E01007748",0,0,0.1,0.4,0.6,0,0.1,0,0.1,0.1,0.1,0.1,96.7,0.3,0.1,0,0.9,0,0.4
"503","E01007749",0,0.3,0.2,0.2,0.1,0.2,0,0,0,0.2,0.5,0.3,96.4,0.2,0.1,0,1.3,0.1,0.1
"504","E01007751",0,0.4,0.4,0.5,0.3,0.7,0.4,0.2,0.4,0.2,0.7,0.2,93.8,0.1,0,0,1.6,0,0
"505","E01007752",0,0.1,0,0.1,0.3,0.6,0.1,0,0.3,0.1,0.2,0.3,95.9,0.2,0,0,1.6,0.2,0
"506","E01007753",0,0.3,0.5,0.3,0.1,0.1,0.1,0.1,0.8,0.3,0.1,0.3,96,0.1,0.1,0,0.6,0.1,0.2
"507","E01007684",0,0.2,0.5,0.6,0.2,0.4,0.1,0.1,0.4,0,0.3,0.3,95.1,0.4,0.1,0.1,0.7,0,0.6
"508","E01007689",0.1,0.2,0.6,0.7,0.4,0.3,0.1,0,0.6,0.1,0.4,0,95,0.2,0,0,0.6,0.5,0.3
"509","E01007687",0.4,0.1,1,0.8,0.5,0.4,0,0,0.3,0,0,0.1,95.2,0.3,0,0,0.3,0.2,0.6
"510","E01007811",0,0.4,0.6,6.7,0.3,0.9,0.2,0,0.2,0.2,0.5,0.1,87.7,0.2,0,0,1.9,0,0.2
"511","E01007690",0,0.4,1,2,0.4,0.2,0.1,0,0.1,0.2,0.1,0.2,92.9,0.4,0,0.2,1.5,0.2,0.2
"512","E01007812",0.1,0.3,0.1,4.4,0.4,1,0.6,0.2,1.3,0.4,0.5,0.1,85.8,0.5,0.1,0,1,0.6,2.6
"513","E01034253",0.2,0.1,1.3,3.9,0.7,0.6,0.1,0,0.8,0,0.8,0.2,89.9,0,0,0,0.8,0.1,0.5
